{
    "iconDefinitions": {
        "_folder_dark": {
            "iconPath": "./minimal/Folder_16x_inverse.svg"
        },
        "_folder_open_dark": {
            "iconPath": "./minimal/FolderOpen_16x_inverse.svg"
        },
        "_file_dark": {
            "iconPath": "./minimal/Document_16x_inverse.svg"
        },
        "_folder_light": {
            "iconPath": "./minimal/Folder_16x.svg"
        },
        "_folder_open_light": {
            "iconPath": "./minimal/FolderOpen_16x.svg"
        },
        "_file_light": {
            "iconPath": "./minimal/Document_16x.svg"
        }
    },

    "folderExpanded": "_folder_open_dark",
    "folder": "_folder_dark",
    "file": "_file_dark",
    "fileExtensions": {
        // icons by file extension
    },
    "fileNames": {
        // icons by file name
    },
    "languageIds": {
        // icons by language id
    },
    "light": {
        "folderExpanded": "_folder_open_light",
        "folder": "_folder_light",
        "file": "_file_light",
        "fileExtensions": {
            // icons by file extension
        },
        "fileNames": {
            // icons by file name
        },
        "languageIds": {
            // icons by language id
        }
    },
    "highContrast": {
        // overrides for high contrast
    }
}