{
	"iconDefinitions": {
		"_file"                   : {"iconPath": "material/file.svg"},
		"_file_actionscript"      : {"iconPath": "material/actionscript.svg"},
		"_file_android"           : {"iconPath": "material/android.svg"},
		"_file_angular"           : {"iconPath": "material/angular.svg"},
		"_file_angular_component" : {"iconPath": "material/angular-component.svg"},
		"_file_angular_directive" : {"iconPath": "material/angular-directive.svg"},
		"_file_angular_guard"     : {"iconPath": "material/angular-guard.svg"},
		"_file_angular_pipe"      : {"iconPath": "material/angular-pipe.svg"},
		"_file_angular_routing"   : {"iconPath": "material/angular-routing.svg"},
		"_file_angular_service"   : {"iconPath": "material/angular-service.svg"},
		"_file_apache"            : {"iconPath": "material/apache.svg"},
		"_file_apiblueprint"      : {"iconPath": "material/apiblueprint.svg"},
		"_file_applescript"       : {"iconPath": "material/applescript.svg"},
		"_file_appveyor"          : {"iconPath": "material/appveyor.svg"},
		"_file_arduino"           : {"iconPath": "material/arduino.svg"},
		"_file_assembly"          : {"iconPath": "material/assembly.svg"},
		"_file_autohotkey"        : {"iconPath": "material/autohotkey.svg"},
		"_file_autoit"            : {"iconPath": "material/autoit.svg"},
		"_file_babel"             : {"iconPath": "material/babel.svg"},
		"_file_bithound"          : {"iconPath": "material/bithound.svg"},
		"_file_bower"             : {"iconPath": "material/bower.svg"},
		"_file_bucklescript"      : {"iconPath": "material/bucklescript.svg"},
		"_file_c"                 : {"iconPath": "material/c-lang.svg"},
		"_file_c++"               : {"iconPath": "material/cpp.svg"},
		"_file_cake"              : {"iconPath": "material/cake.svg"},
		"_file_certificate"       : {"iconPath": "material/certificate.svg"},
		"_file_changelog"         : {"iconPath": "material/changelog.svg"},
		"_file_clojure"           : {"iconPath": "material/clojure.svg"},
		"_file_cmake"             : {"iconPath": "material/cmake.svg"},
		"_file_coffee"            : {"iconPath": "material/coffee_sc.svg"},
		"_file_conduct"           : {"iconPath": "material/conduct.svg"},
		"_file_console"           : {"iconPath": "material/console.svg"},
		"_file_console_sh"        : {"iconPath": "material/console_sh.svg"},
		"_file_contributing"      : {"iconPath": "material/contributing.svg"},
		"_file_credits"           : {"iconPath": "material/credits.svg"},
		"_file_csharp"            : {"iconPath": "material/csharp.svg"},
		"_file_css"               : {"iconPath": "material/css.svg"},
		"_file_cssmap"            : {"iconPath": "material/css-map.svg"},
		"_file_cucumber"          : {"iconPath": "material/cucumber.svg"},
		"_file_dart"              : {"iconPath": "material/dart.svg"},
		"_file_database"          : {"iconPath": "material/database.svg"},
		"_file_sql"               : {"iconPath": "material/sql.svg"},
		"_file_diff"              : {"iconPath": "material/diff.svg"},
		"_file_docker"            : {"iconPath": "material/docker.svg"},
		"_file_document"          : {"iconPath": "material/document.svg"},
		"_file_editorconfig"      : {"iconPath": "material/editorconfig.svg"},
		"_file_elixir"            : {"iconPath": "material/elixir.svg"},
		"_file_elm"               : {"iconPath": "material/elm.svg"},
		"_file_email"             : {"iconPath": "material/email.svg"},
		"_file_erlang"            : {"iconPath": "material/erlang.svg"},
		"_file_error"             : {"iconPath": "material/error.svg"},
		"_file_eslint"            : {"iconPath": "material/eslint.svg"},
		"_file_exe"               : {"iconPath": "material/exe2.svg"},
		"_file_favicon"           : {"iconPath": "material/favicon.svg"},
		"_file_flash"             : {"iconPath": "material/flash.svg"},
		"_file_flow"              : {"iconPath": "material/flow.svg"},
		"_file_font"              : {"iconPath": "material/font.svg"},
		"_file_fsharp"            : {"iconPath": "material/fsharp.svg"},
		"_file_fusebox"           : {"iconPath": "material/fusebox.svg"},
		"_file_git"               : {"iconPath": "material/git.svg"},
		"_file_gitlab"            : {"iconPath": "material/gitlab.svg"},
		"_file_go"                : {"iconPath": "material/gopher.svg"},
		"_file_gradle"            : {"iconPath": "material/gradle.svg"},
		"_file_graphql"           : {"iconPath": "material/graphql.svg"},
		"_file_groovy"            : {"iconPath": "material/groovy.svg"},
		"_file_gulp"              : {"iconPath": "material/gulp.svg"},
		"_file_haml"              : {"iconPath": "material/haml.svg"},
		"_file_handlebars"        : {"iconPath": "material/handlebars.svg"},
		"_file_haskell"           : {"iconPath": "material/haskell.svg"},
		"_file_haxe"              : {"iconPath": "material/haxe.svg"},
		"_file_heroku"            : {"iconPath": "material/heroku.svg"},
		"_file_html"              : {"iconPath": "material/html.svg"},
		"_file_image"             : {"iconPath": "material/image.svg"},
		"_file_ionic"             : {"iconPath": "material/ionic.svg"},
		"_file_java"              : {"iconPath": "material/java.svg"},
		"_file_js"                : {"iconPath": "material/javascript.svg"},
		"_file_jsmap"             : {"iconPath": "material/javascript-map.svg"},
		"_file_json"              : {"iconPath": "material/json.svg"},
		"_file_julia"             : {"iconPath": "material/julia.svg"},
		"_file_karma"             : {"iconPath": "material/karma.svg"},
		"_file_key"               : {"iconPath": "material/key.svg"},
		"_file_kl"                : {"iconPath": "material/kl.svg"},
		"_file_kotlin"            : {"iconPath": "material/kotlin.svg"},
		"_file_laravel"           : {"iconPath": "material/laravel.svg"},
		"_file_less"              : {"iconPath": "material/less.svg"},
		"_file_lib"               : {"iconPath": "material/lib.svg"},
		"_file_light"             : {"iconPath": "material/file.svg"},
		"_file_livescript"        : {"iconPath": "material/livescript.svg"},
		"_file_lock"              : {"iconPath": "material/lock.svg"},
		"_file_log"               : {"iconPath": "material/log2.svg"},
		"_file_lua"               : {"iconPath": "material/lua.svg"},
		"_file_markdown"          : {"iconPath": "material/markdown.svg"},
		"_file_markojs"           : {"iconPath": "material/markojs.svg"},
		"_file_mathematica"       : {"iconPath": "material/mathematica.svg"},
		"_file_matlab"            : {"iconPath": "material/matlab.svg"},
		"_file_merlin"            : {"iconPath": "material/merlin.svg"},
		"_file_movie"             : {"iconPath": "material/movie.svg"},
		"_file_music"             : {"iconPath": "material/music.svg"},
		"_file_mxml"              : {"iconPath": "material/mxml.svg"},
		"_file_nim"               : {"iconPath": "material/nim.svg"},
		"_file_nodejs"            : {"iconPath": "material/nodejs.svg"},
		"_file_nunjucks"          : {"iconPath": "material/nunjucks.svg"},
		"_file_ocaml"             : {"iconPath": "material/ocaml.svg"},
		"_file_pdf"               : {"iconPath": "material/pdf.svg"},
		"_file_perl"              : {"iconPath": "material/perl.svg"},
		"_file_php"               : {"iconPath": "material/php.svg"},
		"_file_powerpoint"        : {"iconPath": "material/powerpoint.svg"},
		"_file_powershell"        : {"iconPath": "material/powershell.svg"},
		"_file_protractor"        : {"iconPath": "material/protractor.svg"},
		"_file_pug"               : {"iconPath": "material/pug.svg"},
		"_file_puppet"            : {"iconPath": "material/puppet.svg"},
		"_file_purescript"        : {"iconPath": "material/purescript.svg"},
		"_file_python"            : {"iconPath": "material/python.svg"},
		"_file_r"                 : {"iconPath": "material/r.svg"},
		"_file_raml"              : {"iconPath": "material/raml.svg"},
		"_file_razor"             : {"iconPath": "material/razor.svg"},
		"_file_react"             : {"iconPath": "material/react-r.svg"},
		"_file_readme"            : {"iconPath": "material/info-ns.svg"},
		"_file_reason"            : {"iconPath": "material/reason.svg"},
		"_file_riot"              : {"iconPath": "material/riot.svg"},
		"_file_robot"             : {"iconPath": "material/robot.svg"},
		"_file_ruby"              : {"iconPath": "material/ruby.svg"},
		"_file_rust"              : {"iconPath": "material/rust.svg"},
		"_file_sass"              : {"iconPath": "material/sass.svg"},
		"_file_scala"             : {"iconPath": "material/scala.svg"},
		"_file_settings"          : {"iconPath": "material/settings.svg"},
		"_file_shaderlab"         : {"iconPath": "material/unity.svg"},
		"_file_smarty"            : {"iconPath": "material/smarty.svg"},
		"_file_solidity"          : {"iconPath": "material/solidity.svg"},
		"_file_stylus"            : {"iconPath": "material/stylus.svg"},
		"_file_swc"               : {"iconPath": "material/swc.svg"},
		"_file_swift"             : {"iconPath": "material/swift.svg"},
		"_file_table"             : {"iconPath": "material/table.svg"},
		"_file_table_xl"          : {"iconPath": "material/table-xl.svg"},
		"_file_terraform"         : {"iconPath": "material/terraform.svg"},
		"_file_test_js"           : {"iconPath": "material/test-js.svg"},
		"_file_test_jsx"          : {"iconPath": "material/test-jsx.svg"},
		"_file_test_ts"           : {"iconPath": "material/test-ts.svg"},
		"_file_tex"               : {"iconPath": "material/tex.svg"},
		"_file_travis"            : {"iconPath": "material/travis.svg"},
		"_file_ts"                : {"iconPath": "material/typescript.svg"},
		"_file_ts_def"            : {"iconPath": "material/typescript-def.svg"},
		"_file_tune"              : {"iconPath": "material/tune.svg"},
		"_file_twig"              : {"iconPath": "material/twig.svg"},
		"_file_url"               : {"iconPath": "material/url.svg"},
		"_file_verilog"           : {"iconPath": "material/verilog.svg"},
		"_file_vfl"               : {"iconPath": "material/vfl.svg"},
		"_file_virtual"           : {"iconPath": "material/virtual.svg"},
		"_file_vs"                : {"iconPath": "material/vs.svg"},
		"_file_vue"               : {"iconPath": "material/vue.svg"},
		"_file_watchman"          : {"iconPath": "material/watchman.svg"},
		"_file_webpack"           : {"iconPath": "material/webpack.svg"},
		"_file_wolframlang"       : {"iconPath": "material/wolframlanguage.svg"},
		"_file_word"              : {"iconPath": "material/word.svg"},
		"_file_xaml"              : {"iconPath": "material/xaml.svg"},
		"_file_xml"               : {"iconPath": "material/xml.svg"},
		"_file_yaml"              : {"iconPath": "material/yaml.svg"},
		"_file_yang"              : {"iconPath": "material/yang.svg"},
		"_file_yarn"              : {"iconPath": "material/yarn.svg"},
		"_file_zip"               : {"iconPath": "material/zip.svg"},
		// Folders
		"_folder"              : {"iconPath": "material/folder.svg"},
		"_folder_blue"         : {"iconPath": "material/folder-blue.svg"},
		"_folder_blue_open"    : {"iconPath": "material/folder-blue-open.svg"},
		"_folder_config"       : {"iconPath": "material/folder-config.svg"},
		"_folder_config_open"  : {"iconPath": "material/folder-config-open.svg"},
		"_folder_css"          : {"iconPath": "material/folder-css.svg"},
		"_folder_css_open"     : {"iconPath": "material/folder-css-open.svg"},
		"_folder_dist"         : {"iconPath": "material/folder-dist.svg"},
		"_folder_dist_open"    : {"iconPath": "material/folder-dist-open.svg"},
		"_folder_docs"         : {"iconPath": "material/folder-docs.svg"},
		"_folder_docs_open"    : {"iconPath": "material/folder-docs-open.svg"},
		"_folder_expo"         : {"iconPath": "material/folder-expo.svg"},
		"_folder_expo_open"    : {"iconPath": "material/folder-expo-open.svg"},
		"_folder_font"         : {"iconPath": "material/folder-font.svg"},
		"_folder_font_open"    : {"iconPath": "material/folder-font-open.svg"},
		"_folder_git"          : {"iconPath": "material/folder-git.svg"},
		"_folder_git_open"     : {"iconPath": "material/folder-git-open.svg"},
		"_folder_images"       : {"iconPath": "material/folder-images.svg"},
		"_folder_images_open"  : {"iconPath": "material/folder-images-open.svg"},
		"_folder_js"           : {"iconPath": "material/folder-js.svg"},
		"_folder_js_open"      : {"iconPath": "material/folder-js-open.svg"},
		"_folder_less"         : {"iconPath": "material/folder-less.svg"},
		"_folder_less_open"    : {"iconPath": "material/folder-less-open.svg"},
		"_folder_node"         : {"iconPath": "material/folder-node.svg"},
		"_folder_node_open"    : {"iconPath": "material/folder-node-open.svg"},
		"_folder_open"         : {"iconPath": "material/folder-open.svg"},
		"_folder_sass"         : {"iconPath": "material/folder-sass.svg"},
		"_folder_sass_open"    : {"iconPath": "material/folder-sass-open.svg"},
		"_folder_scripts"      : {"iconPath": "material/folder-scripts.svg"},
		"_folder_scripts_open" : {"iconPath": "material/folder-scripts-open.svg"},
		"_folder_src"          : {"iconPath": "material/folder-src.svg"},
		"_folder_src_open"     : {"iconPath": "material/folder-src-open.svg"},
		"_folder_stylus"       : {"iconPath": "material/folder-stylus.svg"},
		"_folder_stylus_open"  : {"iconPath": "material/folder-stylus-open.svg"},
		"_folder_test"         : {"iconPath": "material/folder-test.svg"},
		"_folder_test_open"    : {"iconPath": "material/folder-test-open.svg"},
		"_folder_views"        : {"iconPath": "material/folder-views.svg"},
		"_folder_views_open"   : {"iconPath": "material/folder-views-open.svg"},
		"_folder_vscode"       : {"iconPath": "material/vs.svg"},
		"_folder_vscode_open"  : {"iconPath": "material/vs-o.svg"},
		"_folder_vue"          : {"iconPath": "material/folder-vue.svg"},
		"_folder_vue_open"     : {"iconPath": "material/folder-vue-open.svg"}
	},
	"folderExpanded": "_folder_open",
	"folder": "_folder",
	"file": "_file",
	"folderNames": {
		".expo"        : "_folder_expo",
		".git"         : "_folder_git",
		".github"      : "_folder_git",
		".submodules"  : "_folder_git",
		".vscode"      : "_folder_vscode",
		"__test__"     : "_folder_test",
		"__tests__"    : "_folder_test",
		"config"       : "_folder_config",
		"css"          : "_folder_css",
		"dist"         : "_folder_dist",
		"docs"         : "_folder_docs",
		"font"         : "_folder_font",
		"fonts"        : "_folder_font",
		"ico"          : "_folder_images",
		"icon"         : "_folder_images",
		"icons"        : "_folder_images",
		"image"        : "_folder_images",
		"images"       : "_folder_images",
		"img"          : "_folder_images",
		"js"           : "_folder_js",
		"less"         : "_folder_less",
		"node_modules" : "_folder_node",
		"out"          : "_folder_dist",
		"sass"         : "_folder_sass",
		"script"       : "_folder_scripts",
		"scripts"      : "_folder_scripts",
		"scss"         : "_folder_sass",
		"settings"     : "_folder_config",
		"source"       : "_folder_src",
		"sources"      : "_folder_src",
		"spec"         : "_folder_test",
		"specs"        : "_folder_test",
		"src"          : "_folder_src",
		"style"        : "_folder_css",
		"styles"       : "_folder_css",
		"stylesheet"   : "_folder_css",
		"stylus"       : "_folder_stylus",
		"submodules"   : "_folder_git",
		"test"         : "_folder_test",
		"tests"        : "_folder_test",
		"view"         : "_folder_views",
		"views"        : "_folder_views",
		"vue"          : "_folder_vue"
	},
	"folderNamesExpanded": {
		".expo"        : "_folder_expo_open",
		".git"         : "_folder_git_open",
		".github"      : "_folder_git_open",
		".submodules"  : "_folder_git_open",
		".vscode"      : "_folder_vscode_open",
		"__test__"     : "_folder_test_open",
		"__tests__"    : "_folder_test_open",
		"config"       : "_folder_config_open",
		"css"          : "_folder_css_open",
		"dist"         : "_folder_dist_open",
		"docs"         : "_folder_docs_open",
		"font"         : "_folder_font_open",
		"fonts"        : "_folder_font_open",
		"ico"          : "_folder_images_open",
		"icon"         : "_folder_images_open",
		"icons"        : "_folder_images_open",
		"image"        : "_folder_images_open",
		"images"       : "_folder_images_open",
		"img"          : "_folder_images_open",
		"js"           : "_folder_js_open",
		"less"         : "_folder_less_open",
		"node_modules" : "_folder_node_open",
		"out"          : "_folder_dist_open",
		"sass"         : "_folder_sass_open",
		"script"       : "_folder_scripts_open",
		"scripts"      : "_folder_scripts_open",
		"scss"         : "_folder_sass_open",
		"settings"     : "_folder_config_open",
		"source"       : "_folder_src_open",
		"sources"      : "_folder_src_open",
		"spec"         : "_folder_test_open",
		"specs"        : "_folder_test_open",
		"src"          : "_folder_src_open",
		"style"        : "_folder_css_open",
		"styles"       : "_folder_css_open",
		"stylesheet"   : "_folder_css_open",
		"stylus"         : "_folder_stylus_open",
		"submodules"   : "_folder_git_open",
		"test"         : "_folder_test_open",
		"tests"        : "_folder_test_open",
		"view"         : "_folder_views_open",
		"views"        : "_folder_views_open",
		"vue"          : "_folder_vue_open"
	},
	"fileExtensions": {
		"7z"                : "_file_zip",
		"YAML-tmLanguage"   : "_file_yaml",
		"a51"               : "_file_assembly",
		"accdb"             : "_file_database",
		"aea"               : "_file_assembly",
		"agc"               : "_file_assembly",
		"ags"               : "_file_assembly",
		"ahk"               : "_file_autohotkey",
		"aiff"              : "_file_music",
		"ami"               : "_file_image",
		"apib"              : "_file_apiblueprint",
		"apiblueprint"      : "_file_apiblueprint",
		"applescript"       : "_file_applescript",
		"apx"               : "_file_image",
		"argus"             : "_file_assembly",
		"as"                : "_file_actionscript",
		"asc"               : "_file_key",
		"asm"               : "_file_assembly",
		"asp"               : "_file_html",
		"au3"               : "_file_autoit",
		"avi"               : "_file_movie",
		"bash"              : "_file_console",
		"bat"               : "_file_console",
		"bib"               : "_file_lib",
		"binsource"         : "_file_assembly",
		"blade.php"         : "_file_laravel",
		"bmap"              : "_file_font",
		"bmp"               : "_file_image",
		"bpg"               : "_file_image",
		"brk"               : "_file_image",
		"bzip2"             : "_file_zip",
		"c"                 : "_file_c",
		"cake"              : "_file_cake",
		"cc"                : "_file_c++",
		"cer"               : "_file_certificate",
		"cert"              : "_file_certificate",
		"clj"               : "_file_clojure",
		"cljs"              : "_file_clojure",
		"cls"               : "_file_tex",
		"cmake"             : "_file_cmake",
		"cmd"               : "_file_console",
		"cmj"               : "_file_bucklescript",
		"cmx"               : "_file_ocaml",
		"cnf"              : "_file_settings",
		"coffee"            : "_file_coffee",
		"component.js"      : "_file_angular_component",
		"component.ts"      : "_file_angular_component",
		"conf"              : "_file_apache",
		"config"            : "_file_settings",
		"cpp"               : "_file_c++",
		"crt"               : "_file_certificate",
		"cs"                : "_file_csharp",
		"csproj"            : "_file_vs",
		"css"               : "_file_css",
		"css.map"           : "_file_cssmap",
		"csv"               : "_file_table",
		"cur"               : "_file_image",
		"cxx"               : "_file_c++",
		"d.ts"              : "_file_ts_def",
		"dart"              : "_file_dart",
		"db"                : "_file_database",
		"db3"               : "_file_database",
		"dds"               : "_file_image",
		"directive.js"      : "_file_angular_directive",
		"directive.ts"      : "_file_angular_directive",
		"dlc"               : "_file_settings",
		"dll"               : "_file_settings",
		"dng"               : "_file_image",
		"doc"               : "_file_word",
		"dockerfile"        : "_file_docker",
		"dockerignore"      : "_file_docker",
		"docx"              : "_file_word",
		"dtd"               : "_file_xml",
		"ejs"               : "_file_js",
		"elm"               : "_file_elm",
		"eot"               : "_file_font",
		"erb"               : "_file_ruby",
		"erl"               : "_file_erlang",
		"err"               : "_file_error",
		"errlog"            : "_file_error",
		"esx"               : "_file_js",
		"ex"                : "_file_elixir",
		"exe"               : "_file_exe",
		"exr"               : "_file_image",
		"exs"               : "_file_elixir",
		"feature"           : "_file_cucumber",
		"flac"              : "_file_music",
		"flv"               : "_file_movie",
		"fnt"               : "_file_font",
		"font"              : "_file_font",
		"fonts"             : "_file_font",
		"fpx"               : "_file_image",
		"fs"                : "_file_fsharp",
		"fsi"               : "_file_fsharp",
		"fsproj"            : "_file_fsharp",
		"fsx"               : "_file_fsharp",
		"gbr"               : "_file_image",
		"gif"               : "_file_image",
		"gifv"              : "_file_movie",
		"go"                : "_file_go",
		"gpg"               : "_file_key",
		"gradle"            : "_file_gradle",
		"graphql"           : "_file_graphql",
		"groovy"            : "_file_groovy",
		"guard.js"          : "_file_angular_guard",
		"guard.ts"          : "_file_angular_guard",
		"gz"                : "_file_zip",
		"gzip"              : "_file_zip",
		"h"                 : "_file_c",
		"haml"              : "_file_haml",
		"hbs"               : "_file_handlebars",
		"hpp"               : "_file_c++",
		"hs"                : "_file_haskell",
		"html"              : "_file_html",
		"html_vm"           : "_file_html",
		"hx"                : "_file_haxe",
		"ico"               : "_file_image",
		"ics"               : "_file_email",
		"img"               : "_file_image",
		"iml"               : "_file_xml",
		"inc"               : "_file_assembly",
		"ini"               : "_file_settings",
		"ino"               : "_file_arduino",
		"jade"              : "_file_pug",
		"jar"               : "_file_java",
		"java"              : "_file_java",
		"jb2"               : "_file_image",
		"jbig2"             : "_file_image",
		"jl"                : "_file_julia",
		"jng"               : "_file_image",
		"jpeg"              : "_file_image",
		"jpg"               : "_file_image",
		"js"                : "_file_js",
		"js.map"            : "_file_jsmap",
		"json"              : "_file_json",
		"jsp"               : "_file_java",
		"jsx"               : "_file_react",
		"jxr"               : "_file_image",
		"key"               : "_file_key",
		"kl"                : "_file_kl",
		"kt"                : "_file_kotlin",
		"less"              : "_file_less",
		"lib"               : "_file_lib",
		"lock"              : "_file_lock",
		"log"               : "_file_log",
		"logerror"          : "_file_error",
		"ls"                : "_file_livescript",
		"lua"               : "_file_lua",
		"m"                 : "_file_c",
		"m2v"               : "_file_movie",
		"m4a"               : "_file_music",
		"m4v"               : "_file_movie",
		"manifest"          : "_file_xml",
		"markdown"          : "_file_markdown",
		"markdown.rendered" : "_file_markdown",
		"marko"             : "_file_markojs",
		"md"                : "_file_markdown",
		"md.rendered"       : "_file_markdown",
		"mdb"               : "_file_database",
		"merlin"            : "_file_merlin",
		"mitigus"           : "_file_assembly",
		"mkv"               : "_file_movie",
		"ml"                : "_file_ocaml",
		"mli"               : "_file_ocaml",
		"mm"                : "_file_c++",
		"module.js"         : "_file_angular",
		"module.ts"         : "_file_angular",
		"mov"               : "_file_movie",
		"mp2"               : "_file_movie",
		"mp3"               : "_file_music",
		"mp4"               : "_file_movie",
		"mpe"               : "_file_movie",
		"mpeg"              : "_file_movie",
		"mpg"               : "_file_movie",
		"mpv"               : "_file_movie",
		"mrf"               : "_file_font",
		"ms"                : "_file_assembly",
		"msi"               : "_file_exe",
		"mustache"          : "_file_handlebars",
		"mxml"              : "_file_mxml",
		"nasm"              : "_file_assembly",
		"nb"                : "_file_mathematica",
		"ng-template"       : "_file_angular",
		"nim"               : "_file_nim",
		"nimble"            : "_file_nim",
		"njk"               : "_file_nunjucks",
		"ntf"               : "_file_font",
		"nunjucks"          : "_file_nunjucks",
		"odttf"             : "_file_font",
		"ogg"               : "_file_movie",
		"ogv"               : "_file_movie",
		"option"            : "_file_settings",
		"otf"               : "_file_font",
		"patch"             : "_file_git",
		"pbm"               : "_file_image",
		"pdb"               : "_file_database",
		"pdf"               : "_file_pdf",
		"pem"               : "_file_key",
		"pgf"               : "_file_image",
		"php"               : "_file_php",
		"pic"               : "_file_image",
		"pipe.js"           : "_file_angular_pipe",
		"pipe.ts"           : "_file_angular_pipe",
		"pl"                : "_file_perl",
		"plist"             : "_file_xml",
		"pm"                : "_file_perl",
		"png"               : "_file_image",
		"pot"               : "_file_powerpoint",
		"potm"              : "_file_powerpoint",
		"potx"              : "_file_powerpoint",
		"pp"                : "_file_puppet",
		"ppa"               : "_file_powerpoint",
		"ppam"              : "_file_powerpoint",
		"pps"               : "_file_powerpoint",
		"ppsm"              : "_file_powerpoint",
		"ppsx"              : "_file_powerpoint",
		"ppt"               : "_file_powerpoint",
		"pptm"              : "_file_powerpoint",
		"pptx"              : "_file_powerpoint",
		"prefs"             : "_file_settings",
		"project"           : "_file_xml",
		"prop"              : "_file_settings",
		"properties"        : "_file_settings",
		"props"             : "_file_settings",
		"ps1"               : "_file_powershell",
		"ps1xml"            : "_file_powershell",
		"psb"               : "_file_image",
		"psc1"              : "_file_powershell",
		"psd"               : "_file_image",
		"psd1"              : "_file_powershell",
		"psm1"              : "_file_powershell",
		"pssc"              : "_file_powershell",
		"pub"               : "_file_key",
		"pug"               : "_file_pug",
		"pure"              : "_file_purescript",
		"py"                : "_file_python",
		"qt"                : "_file_movie",
		"r"                 : "_file_r",
		"raml"              : "_file_raml",
		"rar"               : "_file_zip",
		"raw"               : "_file_image",
		"rb"                : "_file_ruby",
		"re"                : "_file_reason",
		"rei"               : "_file_reason",
		"resx"              : "_file_xml",
		"rm"                : "_file_movie",
		"rmd"               : "_file_r",
		"rmvb"              : "_file_movie",
		"robot"             : "_file_robot",
		"routing.ts"        : "_file_angular_routing",
		"rs"                : "_file_rust",
		"rst"               : "_file_markdown",
		"rtf"               : "_file_word",
		"s"                 : "_file_assembly",
		"sass"              : "_file_sass",
		"scss"              : "_file_sass",
		"service.js"        : "_file_angular_service",
		"service.ts"        : "_file_angular_service",
		"settings"          : "_file_settings",
		"sh"                : "_file_console",
		"sln"               : "_file_vs",
		"sol"               : "_file_solidity",
		"spec.js"           : "_file_test_js",
		"spec.jsx"          : "_file_test_jsx",
		"spec.ts"           : "_file_test_ts",
		"spec.tsx"          : "_file_test_jsx",
		"sql"               : "_file_sql",
		"sqlite"            : "_file_database",
		"sqlite3"           : "_file_database",
		"sty"               : "_file_tex",
		"styl"              : "_file_stylus",
		"sui"               : "_file_font",
		"suit"              : "_file_font",
		"suo"               : "_file_vs",
		"svg"               : "_file_image",
		"swc"               : "_file_swc",
		"swf"               : "_file_flash",
		"swift"             : "_file_swift",
		"tag"               : "_file_riot",
		"tar"               : "_file_zip",
		"test.js"           : "_file_test_js",
		"test.jsx"          : "_file_test_jsx",
		"test.ts"           : "_file_test_ts",
		"test.tsx"          : "_file_test_jsx",
		"tex"               : "_file_tex",
		"tf"                : "_file_terraform",
		"tf.json"           : "_file_terraform",
		"tfstate"           : "_file_terraform",
		"tfvars"            : "_file_terraform",
		"tgz"               : "_file_zip",
		"tif"               : "_file_image",
		"tiff"              : "_file_image",
		"tmLanguage"        : "_file_xml",
		"toml"              : "_file_settings",
		"tpl"               : "_file_smarty",
		"ts"                : "_file_ts",
		"tsv"               : "_file_table",
		"tsx"               : "_file_react",
		"ttc"               : "_file_font",
		"ttf"               : "_file_font",
		"twig"              : "_file_twig",
		"txt"               : "_file_document",
		"url"               : "_file_url",
		"v"                 : "_file_verilog",
		"vb"                : "_file_vs",
		"vbox"              : "_file_virtual",
		"vbox-prev"         : "_file_virtual",
		"vdi"               : "_file_virtual",
		"vfl"               : "_file_vfl",
		"vhd"               : "_file_verilog",
		"vob"               : "_file_movie",
		"vscodeignore"      : "_file_vs",
		"vsix"              : "_file_vs",
		"vsixmanifest"      : "_file_vs",
		"vue"               : "_file_vue",
		"webm"              : "_file_movie",
		"webp"              : "_file_image",
		"wl"                : "_file_wolframlang",
		"wls"               : "_file_wolframlang",
		"wma"               : "_file_music",
		"wmv"               : "_file_movie",
		"woff"              : "_file_font",
		"woff2"             : "_file_font",
		"xaml"              : "_file_xaml",
		"xls"               : "_file_table_xl",
		"xlsx"              : "_file_table_xl",
		"xml"               : "_file_xml",
		"xquery"            : "_file_xml",
		"xsd"               : "_file_xml",
		"xsl"               : "_file_xml",
		"xslt"              : "_file_xml",
		"xz"                : "_file_zip",
		"yaml"              : "_file_yaml",
		"yang"              : "_file_yang",
		"yml"               : "_file_yaml",
		"yuv"               : "_file_movie",
		"zip"               : "_file_zip"
	},
	"fileNames": {
		".angular-cli.json"                  : "_file_angular",
		".babelrc"                           : "_file_babel",
		".bithoundrc"                        : "_file_bithound",
		".bowerrc"                           : "_file_bower",
		".buildignore"                       : "_file_settings",
		".editorconfig"                      : "_file_editorconfig",
		".env"                               : "_file_tune",
		".esformatter"                       : "_file_json",
		".eslintignore"                      : "_file_eslint",
		".eslintrc"                          : "_file_eslint",
		".eslintrc.js"                       : "_file_eslint",
		".eslintrc.json"                     : "_file_eslint",
		".eslintrc.yaml"                     : "_file_eslint",
		".eslintrc.yml"                      : "_file_eslint",
		".flowconfig"                        : "_file_flow",
		".gitattributes"                     : "_file_git",
		".gitconfig"                         : "_file_git",
		".gitignore"                         : "_file_git",
		".gitkeep"                           : "_file_git",
		".gitlab-ci.yml"                     : "_file_gitlab",
		".gitmodules"                        : "_file_git",
		".htaccess"                          : "_file_apache",
		".io-config.json"                    : "_file_ionic",
		".jsbeautifyrc"                      : "_file_json",
		".jscsrc"                            : "_file_json",
		".jshintignore"                      : "_file_settings",
		".jshintrc"                          : "_file_json",
		".kl"                                : "_file_kl",
		".mailmap"                           : "_file_email",
		".npmignore"                         : "_file_nodejs",
		".npmrc"                             : "_file_nodejs",
		".nvmrc"                             : "_file_nodejs",
		".passwd"                            : "_file_lock",
		".Rhistory"                          : "_file_r",
		".travis.yml"                        : "_file_travis",
		".vfl"                               : "_file_vfl",
		".watchmanconfig"                    : "_file_watchman",
		".yarn-integrity"                    : "_file_yarn",
		".yarnclean"                         : "_file_yarn",
		".yarnrc"                            : "_file_yarn",
		"androidmanifest.xml"                : "_file_android",
		"angular-cli.json"                   : "_file_angular",
		"appveyor.yml"                       : "_file_appveyor",
		"bower.json"                         : "_file_bower",
		"changelog"                          : "_file_changelog",
		"changelog.md"                       : "_file_changelog",
		"changelog.md.rendered"              : "_file_changelog",
		"code_of_conduct.md"                 : "_file_conduct",
		"code_of_conduct.md.rendered"        : "_file_conduct",
		"composer.lock"                      : "_file_json",
		"contributing.md"                    : "_file_contributing",
		"contributing.md.rendered"           : "_file_contributing",
		"CREDITS"                            : "_file_credits",
		"credits.md"                         : "_file_credits",
		"credits.md.rendered"                : "_file_credits",
		"credits.txt"                        : "_file_credits",
		"dockerfile"                         : "_file_docker",
		"favicon.ico"                        : "_file_favicon",
		"fuse.js"                            : "_file_fusebox",
		"git-history"                        : "_file_git",
		"gradle-wrapper.properties"          : "_file_gradle",
		"gradle.properties"                  : "_file_gradle",
		"gradlew"                            : "_file_gradle",
		"gulpfile.js"                        : "_file_gulp",
		"gulpfile.ts"                        : "_file_gulp",
		"ionic.config.json"                  : "_file_ionic",
		"karma-main.js"                      : "_file_karma",
		"karma-main.ts"                      : "_file_karma",
		"karma.conf.coffee"                  : "_file_karma",
		"karma.conf.js"                      : "_file_karma",
		"karma.conf.ts"                      : "_file_karma",
		"karma.config.js"                    : "_file_karma",
		"karma.config.ts"                    : "_file_karma",
		"licence"                            : "_file_certificate",
		"licence.md"                         : "_file_certificate",
		"licence.md.rendered"                : "_file_certificate",
		"licence.txt"                        : "_file_certificate",
		"license"                            : "_file_certificate",
		"license.md"                         : "_file_certificate",
		"license.md.rendered"                : "_file_certificate",
		"license.txt"                        : "_file_certificate",
		"makefile"                           : "_file_settings",
		"package.json"                       : "_file_nodejs",
		"procfile"                           : "_file_heroku",
		"protractor.conf.coffee"             : "_file_protractor",
		"protractor.conf.js"                 : "_file_protractor",
		"protractor.conf.ts"                 : "_file_protractor",
		"protractor.config.js"               : "_file_protractor",
		"protractor.config.ts"               : "_file_protractor",
		"readme.md"                          : "_file_readme",
		"readme.md.rendered"                 : "_file_readme",
		"tsconfig.json"                      : "_file_json",
		"tslint.json"                        : "_file_json",
		"webpack.base.js"                    : "_file_webpack",
		"webpack.base.ts"                    : "_file_webpack",
		"webpack.common.js"                  : "_file_webpack",
		"webpack.common.ts"                  : "_file_webpack",
		"webpack.config.babel.js"            : "_file_webpack",
		"webpack.config.babel.ts"            : "_file_webpack",
		"webpack.config.base.babel.js"       : "_file_webpack",
		"webpack.config.base.babel.ts"       : "_file_webpack",
		"webpack.config.coffee"              : "_file_webpack",
		"webpack.config.common.babel.js"     : "_file_webpack",
		"webpack.config.common.babel.ts"     : "_file_webpack",
		"webpack.config.common.js"           : "_file_webpack",
		"webpack.config.common.ts"           : "_file_webpack",
		"webpack.config.dev.babel.js"        : "_file_webpack",
		"webpack.config.dev.babel.ts"        : "_file_webpack",
		"webpack.config.dev.js"              : "_file_webpack",
		"webpack.config.dev.ts"              : "_file_webpack",
		"webpack.config.js"                  : "_file_webpack",
		"webpack.config.prod.babel.js"       : "_file_webpack",
		"webpack.config.prod.babel.ts"       : "_file_webpack",
		"webpack.config.prod.js"             : "_file_webpack",
		"webpack.config.prod.ts"             : "_file_webpack",
		"webpack.config.production.babel.js" : "_file_webpack",
		"webpack.config.production.babel.ts" : "_file_webpack",
		"webpack.config.production.js"       : "_file_webpack",
		"webpack.config.production.ts"       : "_file_webpack",
		"webpack.config.staging.babel.js"    : "_file_webpack",
		"webpack.config.staging.babel.ts"    : "_file_webpack",
		"webpack.config.staging.js"          : "_file_webpack",
		"webpack.config.staging.ts"          : "_file_webpack",
		"webpack.config.test.js"             : "_file_webpack",
		"webpack.config.test.ts"             : "_file_webpack",
		"webpack.config.ts"                  : "_file_webpack",
		"webpack.dev.js"                     : "_file_webpack",
		"webpack.dev.ts"                     : "_file_webpack",
		"webpack.js"                         : "_file_webpack",
		"webpack.prod.js"                    : "_file_webpack",
		"webpack.prod.ts"                    : "_file_webpack",
		"webpack.test.js"                    : "_file_webpack",
		"webpack.test.ts"                    : "_file_webpack",
		"webpack.ts"                         : "_file_webpack",
		"webpackfile.js"                     : "_file_webpack",
		"webpackfile.ts"                     : "_file_webpack",
		"yarn-error.log"                     : "_file_yarn",
		"yarn.lock"                          : "_file_yarn"
	},
	"languageIds": {
		"apache"         : "_file_apache",
		"apiblueprint"   : "_file_apiblueprint",
		"applescript"    : "_file_applescript",
		"autoit"         : "_file_autoit",
		"c"              : "_file_c",
		"cake"           : "_file_cake",
		"coffee"         : "_file_coffee",
		"css"            : "_file_css",
		"cucumber"       : "_file_cucumber",
		"diff"           : "_file_diff",
		"elixir"         : "_file_elixir",
		"elm"            : "_file_elm",
		"erlang"         : "_file_erlang",
		"git"            : "_file_git",
		"git-commit"     : "_file_git",
		"git-rebase"     : "_file_git",
		"graphql"        : "_file_graphql",
		"haml"           : "_file_haml",
		"handlebars"     : "_file_handlebars",
		"haxe"           : "_file_haxe",
		"hxml"           : "_file_haxe",
		"java"           : "_file_java",
		"javascript"     : "_file_js",
		"julia"          : "_file_julia",
		"less"           : "_file_less",
		"livescript"     : "_file_livescript",
		"makefile"       : "_file_settings",
		"matlab"         : "_file_matlab",
		"ng-template"    : "_file_angular",
		"nim"            : "_file_nim",
		"nimble"         : "_file_nim",
		"nunjucks"       : "_file_nunjucks",
		"objective-c"    : "_file_c",
		"perl"           : "_file_perl",
		"perl6"          : "_file_perl",
		"pug"            : "_file_pug",
		"puppet"         : "_file_puppet",
		"purescript"     : "_file_purescript",
		"python"         : "_file_python",
		"razor"          : "_file_razor",
		"riot"           : "_file_riot",
		"robotframework" : "_file_robot",
		"sass"           : "_file_sass",
		"scala"          : "_file_scala",
		"shaderlab"      : "_file_shaderlab",
		"solidity"       : "_file_solidity",
		"stylus"         : "_file_stylus",
		"terraform"      : "_file_terraform",
		"testOutput"     : "_file_vs",
		"twig"           : "_file_twig",
		"typescript"     : "_file_ts",
		"xml"            : "_file_xml",
		"xquery"         : "_file_xml",
		"yaml"           : "_file_yaml",
		"yang"           : "_file_yang"
	}
}