{
	"iconDefinitions": {
		"folder": {"iconPath": "./icons/folder.png"},
		"folder-expanded": {"iconPath": "./icons/folder-expanded.png"},
		"file": {"iconPath": "./icons/file.png"},
		"archive": {"iconPath": "./icons/archive.png"},
		"asp": {"iconPath": "./icons/asp.png"},
		"assembly": {"iconPath": "./icons/assembly.png"},
		"build-folder": {"iconPath": "./icons/build-folder.png"},
		"build-folder-expanded": {"iconPath": "./icons/build-folder-expanded.png"},
		"c": {"iconPath": "./icons/c.png"},
		"clojure": {"iconPath": "./icons/clojure.png"},
		"coffeescript": {"iconPath": "./icons/coffeescript.png"},
		"console": {"iconPath": "./icons/console.png"},
		"cpp": {"iconPath": "./icons/cpp.png"},
		"csharp": {"iconPath": "./icons/csharp.png"},
		"css": {"iconPath": "./icons/css.png"},
		"dart": {"iconPath": "./icons/dart.png"},
		"database": {"iconPath": "./icons/database.png"},
		"disc": {"iconPath": "./icons/disc.png"},
		"elixir": {"iconPath": "./icons/elixir.png"},
		"elm": {"iconPath": "./icons/elm.png"},
		"erlang": {"iconPath": "./icons/erlang.png"},
		"executable": {"iconPath": "./icons/executable.png"},
		"flash": {"iconPath": "./icons/flash.png"},
		"font": {"iconPath": "./icons/font.png"},
		"fsharp": {"iconPath": "./icons/fsharp.png"},
		"git": {"iconPath": "./icons/git.png"},
		"go": {"iconPath": "./icons/go.png"},
		"haskell": {"iconPath": "./icons/haskell.png"},
		"header": {"iconPath": "./icons/header.png"},
		"html": {"iconPath": "./icons/html.png"},
		"icon": {"iconPath": "./icons/icon.png"},
		"java": {"iconPath": "./icons/java.png"},
		"javascript": {"iconPath": "./icons/javascript.png"},
		"json": {"iconPath": "./icons/json.png"},
		"julia": {"iconPath": "./icons/julia.png"},
		"kotlin": {"iconPath": "./icons/kotlin.png"},
		"less": {"iconPath": "./icons/less.png"},
		"lib": {"iconPath": "./icons/lib.png"},
		"libreoffice-database": {"iconPath": "./icons/libreoffice-database.png"},
		"libreoffice-drawing": {"iconPath": "./icons/libreoffice-drawing.png"},
		"libreoffice-formula": {"iconPath": "./icons/libreoffice-formula.png"},
		"libreoffice-presentation": {"iconPath": "./icons/libreoffice-presentation.png"},
		"libreoffice-spreadsheet": {"iconPath": "./icons/libreoffice-spreadsheet.png"},
		"libreoffice-writer": {"iconPath": "./icons/libreoffice-writer.png"},
		"lisp": {"iconPath": "./icons/lisp.png"},
		"lua": {"iconPath": "./icons/lua.png"},
		"make": {"iconPath": "./icons/make.png"},
		"mustache": {"iconPath": "./icons/mustache.png"},
		"nim": {"iconPath": "./icons/nim.png"},
		"ocaml": {"iconPath": "./icons/ocaml.png"},
		"office-access": {"iconPath": "./icons/office-access.png"},
		"office-excel": {"iconPath": "./icons/office-excel.png"},
		"office-onenote": {"iconPath": "./icons/office-onenote.png"},
		"office-outlook": {"iconPath": "./icons/office-outlook.png"},
		"office-powerpoint": {"iconPath": "./icons/office-powerpoint.png"},
		"office-word": {"iconPath": "./icons/office-word.png"},
		"pdf": {"iconPath": "./icons/pdf.png"},
		"php": {"iconPath": "./icons/php.png"},
		"powershell": {"iconPath": "./icons/powershell.png"},
		"pug": {"iconPath": "./icons/mustache.png"},
		"python": {"iconPath": "./icons/python.png"},
		"raster": {"iconPath": "./icons/raster.png"},
		"react": {"iconPath": "./icons/react.png"},
		"richtext": {"iconPath": "./icons/richtext.png"},
		"ruby": {"iconPath": "./icons/ruby.png"},
		"rust": {"iconPath": "./icons/rust.png"},
		"sass": {"iconPath": "./icons/sass.png"},
		"scala": {"iconPath": "./icons/scala.png"},
		"scheme": {"iconPath": "./icons/scheme.png"},
		"sdl": {"iconPath": "./icons/sdl.png"},
		"settings": {"iconPath": "./icons/settings.png"},
		"sound": {"iconPath": "./icons/sound.png"},
		"swift": {"iconPath": "./icons/swift.png"},
		"text": {"iconPath": "./icons/text.png"},
		"twig": {"iconPath": "./icons/mustache.png"},
		"typescript": {"iconPath": "./icons/typescript.png"},
		"vector": {"iconPath": "./icons/vector.png"},
		"vibed": {"iconPath": "./icons/vibed.png"},
		"video": {"iconPath": "./icons/video.png"},
		"visual-basic": {"iconPath": "./icons/visual-basic.png"},
		"visual-studio": {"iconPath": "./icons/visual-studio.png"},
		"vue": {"iconPath": "./icons/mustache.png"},
		"xml": {"iconPath": "./icons/xml.png"},
		"yaml": {"iconPath": "./icons/xml.png"}
	},
	"file": "file",
	"folder": "folder",
	"folderExpanded": "folder-expanded",
	"folderNames": {
		"bin": "build-folder",
		"build": "build-folder",
		"dist": "build-folder",
		"out": "build-folder"
	},
	"folderNamesExpanded": {
		"bin": "build-folder-expanded",
		"build": "build-folder-expanded",
		"dist": "build-folder-expanded",
		"out": "build-folder-expanded"
	},
	"fileNames": {
		".gitattributes": "git",
		".gitignore": "git",
		".gitmodules": "git",
		".gitkeep": "git",
		"cmakecache.txt": "make",
		"Makefile": "make"
	},
	"fileExtensions": {
		"7z": "archive",
		"a": "lib",
		"accdb": "office-access",
		"as": "flash",
		"asm": "assembly",
		"asp": "asp",
		"aspx": "asp",
		"avi": "video",
		"bash": "console",
		"bash_profile": "settings",
		"bashrc": "settings",
		"bat": "console",
		"bin": "lib",
		"bmp": "raster",
		"bz2": "archive",
		"bzip2": "archive",
		"c": "c",
		"cc": "cpp",
		"cfg": "settings",
		"cmd": "console",
		"coffee": "coffeescript",
		"com": "executable",
		"config": "settings",
		"cs": "csharp",
		"csproj": "visual-studio",
		"cpp": "cpp",
		"cur": "icon",
		"cxx": "cpp",
		"db3": "database",
		"deb": "archive",
		"dll": "lib",
		"doc": "office-word",
		"docx": "office-word",
		"env": "settings",
		"eot": "font",
		"exe": "executable",
		"fish": "console",
		"fla": "flash",
		"flv": "video",
		"fon": "font",
		"fs": "fsharp",
		"fsproj": "visual-studio",
		"fsx": "fsharp",
		"fsi": "fsharp",
		"gif": "raster",
		"glade": "xml",
		"go": "go",
		"gradle": "make",
		"gz": "archive",
		"h": "header",
		"haml": "mustache",
		"handlebars": "mustache",
		"hbs": "mustache",
		"hjs": "mustache",
		"hol": "office-outlook",
		"hpp": "cpp",
		"htaccess": "settings",
		"htm": "html",
		"html": "html",
		"ico": "icon",
		"ini": "settings",
		"iso": "disc",
		"jar": "archive",
		"java": "java",
		"jpeg": "raster",
		"jpg": "raster",
		"js": "javascript",
		"json": "json",
		"less": "less",
		"lib": "lib",
		"lz": "archive",
		"lzma": "archive",
		"lzo": "archive",
		"markdown": "richtext",
		"md": "richtext",
		"mdb": "office-access",
		"mkv": "video",
		"mov": "video",
		"mp3": "sound",
		"mp4": "video",
		"mpeg": "video",
		"mpg": "video",
		"mustache": "mustache",
		"mst": "mustache",
		"obj": "lib",
		"odb": "libreoffice-database",
		"odf": "libreoffice-formula",
		"odg": "libreoffice-drawing",
		"odp": "libreoffice-presentation",
		"ods": "libreoffice-spreadsheet",
		"odt": "libreoffice-writer",
		"ogg": "video",
		"one": "office-onenote",
		"otf": "font",
		"pdf": "pdf",
		"pfa": "font",
		"pfb": "font",
		"png": "raster",
		"ppt": "office-powerpoint",
		"pptx": "office-powerpoint",
		"ps1": "powershell",
		"pst": "office-outlook",
		"py": "python",
		"pyw": "python",
		"rar": "archive",
		"rpm": "archive",
		"rtf": "richtext",
		"sass": "sass",
		"scss": "scss",
		"sh": "console",
		"sln": "visual-studio",
		"so": "lib",
		"sql": "database",
		"sqlite": "database",
		"stache": "mustache",
		"suo": "visual-studio",
		"svg": "vector",
		"swf": "flash",
		"tar": "archive",
		"tif": "raster",
		"tiff": "raster",
		"ts": "typescript",
		"ttf": "font",
		"twig": "twig",
		"txt": "text",
		"vb": "visual-basic",
		"vue": "vue",
		"wav": "sound",
		"webp": "raster",
		"woff": "font",
		"woff2": "font",
		"wmv": "video",
		"xls": "office-excel",
		"xlsx": "office-excel",
		"xml": "xml",
		"xz": "archive",
		"zip": "archive",
		"zsh": "console"
	},
	"hidesExplorerArrows": true,
	"languageIds": {
		"asm": "assembly",
		"bat": "console",
		"c": "cpp",
		"clojure": "clojure",
		"cmake": "make",
		"coffeescript": "coffeescript",
		"cpp": "cpp",
		"csharp": "csharp",
		"css": "css",
		"diet": "vibed",
		"dart": "dart",
		"elixir": "elixir",
		"elm": "elm",
		"erlang": "erlang",
		"fsharp": "fsharp",
		"go": "go",
		"haskell": "haskell",
		"html": "html",
		"jade": "pug",
		"kotlin": "kotlin",
		"less": "less",
		"lisp": "lisp",
		"lua": "lua",
		"markdown": "richtext",
		"nim": "nim",
		"objective-c": "c",
		"ocaml": "ocaml",
		"javascript": "javascript",
		"javascriptreact": "react",
		"java": "java",
		"json": "json",
		"julia": "julia",
		"php": "php",
		"plsql": "database",
		"powershell": "powershell",
		"python": "python",
		"ruby": "ruby",
		"rust": "rust",
		"sass": "sass",
		"scala": "scala",
		"scss": "sass",
		"scheme": "scheme",
		"sdl": "sdl",
		"shellscript": "console",
		"sql": "database",
		"swift": "swift",
		"twig": "twig",
		"typescript": "typescript",
		"typescriptreact": "react",
		"vb": "vb",
		"vue": "vue",
		"xml": "xml",
		"yaml": "yaml"
	}
}
