[{"prefix":"rx-import-all","description":"RxJS import the entire core set of functionality","types":"typescript, javascript","body":["import Rx from 'rxjs/Rx';","$0"]},{"prefix":"rx-import-observable","description":"RxJS Import Observable","types":"typescript, javascript","body":["import { Observable } from 'rxjs/Observable';","$0"]},{"prefix":"rx-import-add-observable","description":"RxJS Import Observable","types":"typescript, javascript","body":["import 'rxjs/add/observable/${1:of}';","$0"]},{"prefix":"rx-import-add-operator","description":"RxJS Import Add Operator","types":"typescript, javascript","body":["import 'rxjs/add/operator/${1:switchMap}';","$0"]}]
